PRODUCT NAME,PRODUCT PRICE
Male Plug,20
Male Plug,20
Male Plug,20
Male Plug,20
Male Plug,20
Omni Male Plug,35
Omni Male Plug,35
Omni Male Plug,35
Surer Adaptor,35
Surer Adaptor,35
Surer Adaptor,35
Surer Adaptor,35
Rubber Plug,40
Rubber Plug,50
Push Button Switch,40
Omni Switch,60
Fuse 30A,60
Fuse 60A,150
Surer Receptacle (White),40
Surer Receptacle (White),40
Pull Socket Switch Omni,90
Pull Socket Switch Omni,90
Pull Socket Switch Omni,90
Rubber Socket ,45
Rubber Socket ,45
Rubber Socket ,45
Rubber Socket ,45
Surer Receptacle (Black),40
Surer Receptacle (Black),40
Surer Receptacle (Black),40
Surer Receptacle (Black),40
Surer Receptacle (Black),40
Two-Gang Universal Outlet,85
Two-Gang Universal Outlet,85
Two-Gang Universal Outlet,85
Two-Gang Universal Outlet,85
Two-Gang Universal Outlet,85
Two-Gang Universal Outlet,85
Two-Gang Outlet,78
Two-Gang Outlet,78
Two-Gang Outlet,78
Two-Gang Outlet,78
Two-Gang Outlet,78
Two-Gang Outlet,78
Two-Gang Outlet,78
Omni Two Gang Outlet,85
Omni Two Gang Outlet,85
Omni Three Gang Outlet,110
Surer Three Gang Outlet,85
Surer Three Gang Outlet,85
Surer Three Gang Outlet,85
Omni Adaptor,90
Omni Adaptor,90
Omni Adaptor,90
Omni Adaptor,90
Omni Four Gang Outlet,120
Omni Four Gang Outlet,120
Surer 4-Gang outlet,100
Surer 4-Gang outlet,100
Surer 4-Gang outlet,100
Surer Adaptor,75
15A Plug,60
15A Plug,60
Air Chuck,130
Air Chuck,130
Air Chuck,130
Air Cock Brass,130
Air Cock Brass,130
